Id,Category
0_246, 4, 0_246.jpg
0_247, 4, 0_247.jpg
0_260, 3, 0_260.jpg
0_264, 3, 0_264.jpg
0_278, 5, 0_278.jpg
0_338, 3, 0_338.jpg
0_353, 4, 0_353.jpg
0_37, 2, 0_37.jpg
0_38, 2, 0_38.jpg
0_48, 2, 0_48.jpg
0_69, 2, 0_69.jpg
0_90, 2, 0_90.jpg
0_91, 3, 0_91.jpg
0_99, 2, 0_99.jpg
10_159, 8, 10_159.jpg
10_32, 2, 10_32.jpg
10_70, 1, 10_70.jpg
1_103, 0, 1_103.jpg
1_108, 2, 1_108.jpg
1_113, 2, 1_113.jpg
1_116, 0, 1_116.jpg
1_119, 2, 1_119.jpg
1_122, 2, 1_122.jpg
1_124, 2, 1_124.jpg
1_125, 2, 1_125.jpg
1_13, 2, 1_13.jpg
1_14, 3, 1_14.jpg
1_142, 0, 1_142.jpg
1_20, 2, 1_20.jpg
1_21, 2, 1_21.jpg
1_27, 2, 1_27.jpg
1_30, 2, 1_30.jpg
1_34, 2, 1_34.jpg
1_44, 2, 1_44.jpg
1_5, 2, 1_5.jpg
1_62, 2, 1_62.jpg
1_64, 2, 1_64.jpg
1_72, 2, 1_72.jpg
1_73, 5, 1_73.jpg
1_83, 2, 1_83.jpg
1_84, 4, 1_84.jpg
1_95, 2, 1_95.jpg
1_97, 8, 1_97.jpg
2_240, 0, 2_240.jpg
2_252, 9, 2_252.jpg
2_373, 9, 2_373.jpg
2_412, 9, 2_412.jpg
2_415, 0, 2_415.jpg
2_461, 9, 2_461.jpg
2_480, 8, 2_480.jpg
2_5, 10, 2_5.jpg
2_51, 5, 2_51.jpg
2_57, 3, 2_57.jpg
2_60, 8, 2_60.jpg
2_69, 9, 2_69.jpg
2_71, 0, 2_71.jpg
3_114, 0, 3_114.jpg
3_133, 0, 3_133.jpg
3_149, 0, 3_149.jpg
3_168, 2, 3_168.jpg
3_216, 5, 3_216.jpg
3_228, 2, 3_228.jpg
3_235, 0, 3_235.jpg
3_241, 0, 3_241.jpg
3_272, 2, 3_272.jpg
3_278, 9, 3_278.jpg
3_279, 2, 3_279.jpg
3_289, 0, 3_289.jpg
3_294, 9, 3_294.jpg
3_299, 0, 3_299.jpg
3_325, 2, 3_325.jpg
3_35, 0, 3_35.jpg
3_37, 9, 3_37.jpg
3_48, 0, 3_48.jpg
3_51, 0, 3_51.jpg
4_10, 0, 4_10.jpg
4_135, 0, 4_135.jpg
4_136, 0, 4_136.jpg
4_145, 3, 4_145.jpg
4_184, 9, 4_184.jpg
4_194, 5, 4_194.jpg
4_196, 2, 4_196.jpg
4_198, 0, 4_198.jpg
4_205, 0, 4_205.jpg
4_208, 5, 4_208.jpg
4_210, 2, 4_210.jpg
4_218, 0, 4_218.jpg
4_221, 5, 4_221.jpg
4_222, 7, 4_222.jpg
4_224, 0, 4_224.jpg
4_246, 3, 4_246.jpg
4_249, 2, 4_249.jpg
4_258, 9, 4_258.jpg
4_268, 2, 4_268.jpg
4_27, 2, 4_27.jpg
4_282, 5, 4_282.jpg
4_284, 2, 4_284.jpg
4_286, 5, 4_286.jpg
4_32, 2, 4_32.jpg
4_47, 5, 4_47.jpg
5_181, 2, 5_181.jpg
5_183, 2, 5_183.jpg
5_219, 4, 5_219.jpg
5_227, 0, 5_227.jpg
5_247, 4, 5_247.jpg
5_250, 0, 5_250.jpg
5_279, 3, 5_279.jpg
5_362, 8, 5_362.jpg
5_367, 9, 5_367.jpg
5_419, 0, 5_419.jpg
5_427, 8, 5_427.jpg
5_429, 2, 5_429.jpg
5_50, 0, 5_50.jpg
5_57, 8, 5_57.jpg
6_12, 9, 6_12.jpg
6_29, 3, 6_29.jpg
6_55, 9, 6_55.jpg
7_49, 2, 7_49.jpg
8_103, 5, 8_103.jpg
8_11, 9, 8_11.jpg
8_125, 2, 8_125.jpg
8_14, 2, 8_14.jpg
8_169, 5, 8_169.jpg
8_179, 2, 8_179.jpg
8_196, 2, 8_196.jpg
8_201, 0, 8_201.jpg
8_21, 10, 8_21.jpg
8_215, 0, 8_215.jpg
8_231, 2, 8_231.jpg
8_234, 2, 8_234.jpg
8_240, 10, 8_240.jpg
8_259, 2, 8_259.jpg
8_288, 4, 8_288.jpg
8_3, 7, 8_3.jpg
8_4, 5, 8_4.jpg
9_118, 0, 9_118.jpg
9_198, 2, 9_198.jpg
9_3, 2, 9_3.jpg
9_78, 10, 9_78.jpg
